Component,Origin,License,Copyright
charm.land/bubbles/v2,https://github.com/charmbracelet/bubbles,MIT,"Copyright (c) 2020-2026 Charmbracelet, Inc."
charm.land/bubbletea/v2,https://github.com/charmbracelet/bubbletea,MIT,"Copyright (c) 2020-2026 Charmbracelet, Inc."
charm.land/glamour/v2,https://github.com/charmbracelet/glamour,MIT,"Copyright (c) 2019-2023 Charmbracelet, Inc."
charm.land/lipgloss/v2,https://github.com/charmbracelet/lipgloss,MIT,"Copyright (c) 2021-2026 Charmbracelet, Inc."
github.com/MakeNowJust/heredoc,https://github.com/MakeNowJust/heredoc,MIT,Copyright (c) 2014-2019 TSUYUSATO Kitsune
github.com/alecthomas/assert/v2,https://github.com/alecthomas/assert,MIT,Copyright (C) 2021 Alec Thomas
github.com/alecthomas/chroma/v2,https://github.com/alecthomas/chroma,MIT,Copyright (C) 2017 Alec Thomas
github.com/alecthomas/repr,https://github.com/alecthomas/repr,MIT,Copyright (c) 2016 Alec Thomas
github.com/atotto/clipboard,https://github.com/atotto/clipboard,BSD-3-Clause,Copyright (c) 2013 Ato Araki. All rights reserved.
github.com/aymanbagabas/go-udiff,https://github.com/aymanbagabas/go-udiff,MIT OR BSD-3-Clause,Copyright (c) 2023 Ayman Bagabas; ported files Copyright (c) 2009 The Go Authors
github.com/aymerick/douceur,https://github.com/aymerick/douceur,MIT,Copyright (c) 2015 Aymerick JEHANNE
github.com/charmbracelet/colorprofile,https://github.com/charmbracelet/colorprofile,MIT,"Copyright (c) 2020-2024 Charmbracelet, Inc."
github.com/charmbracelet/ultraviolet,https://github.com/charmbracelet/ultraviolet,MIT,"Copyright (c) 2025 Charmbracelet, Inc."
github.com/charmbracelet/x/ansi,https://github.com/charmbracelet/x,MIT,"Copyright (c) 2023 Charmbracelet, Inc."
github.com/charmbracelet/x/exp/golden,https://github.com/charmbracelet/x,MIT,"Copyright (c) 2023 Charmbracelet, Inc."
github.com/charmbracelet/x/exp/slice,https://github.com/charmbracelet/x,MIT,"Copyright (c) 2023 Charmbracelet, Inc."
github.com/charmbracelet/x/term,https://github.com/charmbracelet/x,MIT,"Copyright (c) 2023 Charmbracelet, Inc."
github.com/charmbracelet/x/termios,https://github.com/charmbracelet/x,MIT,"Copyright (c) 2023 Charmbracelet, Inc."
github.com/charmbracelet/x/windows,https://github.com/charmbracelet/x,MIT,"Copyright (c) 2023 Charmbracelet, Inc."
github.com/clipperhouse/displaywidth,https://github.com/clipperhouse/displaywidth,MIT,Copyright (c) 2025 Matt Sherman
github.com/clipperhouse/uax29/v2,https://github.com/clipperhouse/uax29,MIT,Copyright (c) 2020 Matt Sherman
github.com/cpuguy83/go-md2man/v2,https://github.com/cpuguy83/go-md2man,MIT,Copyright (c) 2014 Brian Goff
github.com/danieljoos/wincred,https://github.com/danieljoos/wincred,MIT,Copyright (c) 2014 Daniel Joos
github.com/davecgh/go-spew,https://github.com/davecgh/go-spew,ISC,Copyright (c) 2012-2016 Dave Collins
github.com/dlclark/regexp2,https://github.com/dlclark/regexp2,MIT,Copyright (c) Doug Clark
github.com/git-pkgs/gitignore,https://github.com/git-pkgs/gitignore,MIT,Copyright (c) 2026 Andrew Nesbitt
github.com/godbus/dbus/v5,https://github.com/godbus/dbus,BSD-2-Clause,Copyright (c) 2013 Georg Reinke and Google
github.com/gofrs/flock,https://github.com/gofrs/flock,BSD-3-Clause,Copyright (c) 2018-2025 The Gofrs
github.com/gorilla/css,https://github.com/gorilla/css,BSD-3-Clause,Copyright (c) 2023 The Gorilla Authors. All rights reserved.
github.com/hexops/gotextdiff,https://github.com/hexops/gotextdiff,BSD-3-Clause,Copyright (c) 2009 The Go Authors. All rights reserved.
github.com/inconshreveable/mousetrap,https://github.com/inconshreveable/mousetrap,Apache-2.0,Copyright 2014 Alan Shipp
github.com/kylelemons/godebug,https://github.com/kylelemons/godebug,Apache-2.0,Copyright 2013 Google Inc. All rights reserved.
github.com/lucasb-eyer/go-colorful,https://github.com/lucasb-eyer/go-colorful,MIT,Copyright (c) 2013 Lucas Beyer
github.com/mattn/go-runewidth,https://github.com/mattn/go-runewidth,MIT,Copyright (c) 2016 Yasuhiro Matsumoto
github.com/microcosm-cc/bluemonday,https://github.com/microcosm-cc/bluemonday,BSD-3-Clause,Copyright (c) 2014 David Kitchen
github.com/muesli/cancelreader,https://github.com/muesli/cancelreader,MIT,Copyright (c) 2022 Erik Geiser and Christian Muehlhaeuser
github.com/pmezard/go-difflib,https://github.com/pmezard/go-difflib,BSD-3-Clause,Copyright (c) 2013 Patrick Mezard
github.com/rivo/uniseg,https://github.com/rivo/uniseg,MIT,Copyright (c) 2019 Oliver Kuederle
github.com/russross/blackfriday/v2,https://github.com/russross/blackfriday,BSD-2-Clause,Copyright (c) 2011 Russ Ross
github.com/sahilm/fuzzy,https://github.com/sahilm/fuzzy,MIT,Copyright (c) 2017 Sahil Muthoo
github.com/spf13/cobra,https://github.com/spf13/cobra,Apache-2.0,Copyright The Cobra Authors
github.com/spf13/pflag,https://github.com/spf13/pflag,BSD-3-Clause,Copyright (c) 2012 Alex Ogier. All rights reserved.
github.com/stretchr/objx,https://github.com/stretchr/objx,MIT,"Copyright (c) 2014 Stretchr, Inc.; (c) 2017-2018 objx contributors"
github.com/stretchr/testify,https://github.com/stretchr/testify,MIT,"Copyright (c) 2012-2020 Mat Ryer, Tyler Bunnell and contributors"
github.com/xo/terminfo,https://github.com/xo/terminfo,MIT,Copyright (c) 2016 Anmol Sethi
github.com/yuin/goldmark,https://github.com/yuin/goldmark,MIT,Copyright (c) 2019 Yusuke Inuzuka
github.com/yuin/goldmark-emoji,https://github.com/yuin/goldmark-emoji,MIT,Copyright (c) 2020 Yusuke Inuzuka
github.com/zalando/go-keyring,https://github.com/zalando/go-keyring,MIT,Copyright (c) 2016 Zalando SE
go.yaml.in/yaml/v3,https://github.com/yaml/go-yaml,MIT OR Apache-2.0,Copyright (c) 2006-2011 Kirill Simonov; (c) 2011-2019 Canonical Ltd
golang.org/x/exp,https://github.com/golang/exp,BSD-3-Clause,Copyright (c) 2009 The Go Authors. All rights reserved.
golang.org/x/net,https://github.com/golang/net,BSD-3-Clause,Copyright 2009 The Go Authors
golang.org/x/oauth2,https://github.com/golang/oauth2,BSD-3-Clause,Copyright 2009 The Go Authors
golang.org/x/sync,https://github.com/golang/sync,BSD-3-Clause,Copyright 2009 The Go Authors
golang.org/x/sys,https://github.com/golang/sys,BSD-3-Clause,Copyright 2009 The Go Authors
golang.org/x/text,https://github.com/golang/text,BSD-3-Clause,Copyright 2009 The Go Authors
gopkg.in/check.v1,https://github.com/go-check/check,BSD-2-Clause,Copyright (c) 2010-2013 Gustavo Niemeyer
gopkg.in/yaml.v3,https://github.com/go-yaml/yaml,MIT OR Apache-2.0,Copyright (c) 2006-2011 Kirill Simonov; (c) 2011-2019 Canonical Ltd
